{
    "0": {
        "mu": 20.326411696160584,
        "name": "Nick Card",
        "ordinal": -3.0895669447635647,
        "sigma": 7.805326213641383
    },
    "1": {
        "mu": 25,
        "name": "HAZEL",
        "ordinal": 0.0,
        "sigma": 8.333333333333334
    },
    "10": {
        "mu": 20.264316486500295,
        "name": "Shellderspire Isle VoidCo Employee",
        "ordinal": -3.090516308757678,
        "sigma": 7.784944265085991
    },
    "11": {
        "mu": 29.621101788510508,
        "name": "Hazel & Gwyn",
        "ordinal": 7.487284500424856,
        "sigma": 7.37793909602855
    },
    "12": {
        "mu": 22.349486906943543,
        "name": "Professor Coleman Branch",
        "ordinal": -1.782795168797474,
        "sigma": 8.044094025247006
    },
    "13": {
        "mu": 20.494700494571102,
        "name": "Shellderspire Isle Shellder",
        "ordinal": -3.911594195467668,
        "sigma": 8.135431563346257
    },
    "14": {
        "mu": 23.464220740167644,
        "name": "Samm",
        "ordinal": -0.9420739498711264,
        "sigma": 8.135431563346257
    },
    "2": {
        "mu": 30.924181101783567,
        "name": "Rise Emit",
        "ordinal": 8.76509764126341,
        "sigma": 7.386361153506719
    },
    "3": {
        "mu": 22.36476861652635,
        "name": "Maggie",
        "ordinal": -1.8317503324442903,
        "sigma": 8.065506316323548
    },
    "4": {
        "mu": 23.148382921769308,
        "name": "Anton",
        "ordinal": 0.369765594907868,
        "sigma": 7.592872442287146
    },
    "5": {
        "mu": 35.362215533908405,
        "name": "Jovin",
        "ordinal": 13.296086693809212,
        "sigma": 7.355376280033064
    },
    "6": {
        "mu": 18.391243053108322,
        "name": "Hissnclinkanck",
        "ordinal": -4.400395724788748,
        "sigma": 7.59721292596569
    },
    "7": {
        "mu": 23.673014960977852,
        "name": "Charles",
        "ordinal": 1.0316427243633441,
        "sigma": 7.547124078871502
    },
    "8": {
        "mu": 29.729244494884046,
        "name": "Brae Emit",
        "ordinal": 7.821460450400874,
        "sigma": 7.302594681494391
    },
    "9": {
        "mu": 27.51282324283345,
        "name": "Remote Soulbot",
        "ordinal": 3.7675181471900103,
        "sigma": 7.915101698547812
    }
}