{
    "0": {
        "mu": 22.36476861652635,
        "name": "Nick Card",
        "ordinal": -1.8317503324442903,
        "sigma": 8.065506316323548
    },
    "1": {
        "mu": 25,
        "name": "HAZEL",
        "ordinal": 0.0,
        "sigma": 8.333333333333334
    },
    "10": {
        "mu": 20.264316486500295,
        "name": "Shellderspire Isle VoidCo Employee",
        "ordinal": -3.090516308757678,
        "sigma": 7.784944265085991
    },
    "11": {
        "mu": 27.63523138347365,
        "name": "Hazel & Gwyn",
        "ordinal": 3.4387124345030067,
        "sigma": 8.065506316323548
    },
    "2": {
        "mu": 28.93353470978474,
        "name": "Rise Emit",
        "ordinal": 6.729486072456535,
        "sigma": 7.401349545776069
    },
    "3": {
        "mu": 22.36476861652635,
        "name": "Maggie",
        "ordinal": -1.8317503324442903,
        "sigma": 8.065506316323548
    },
    "4": {
        "mu": 23.148382921769308,
        "name": "Anton",
        "ordinal": 0.369765594907868,
        "sigma": 7.592872442287146
    },
    "5": {
        "mu": 32.07430366409087,
        "name": "Jovin",
        "ordinal": 9.272840438955914,
        "sigma": 7.600487741711652
    },
    "6": {
        "mu": 18.391243053108322,
        "name": "Hissnclinkanck",
        "ordinal": -4.400395724788748,
        "sigma": 7.59721292596569
    },
    "7": {
        "mu": 22.231581940551145,
        "name": "Charles",
        "ordinal": -0.5491206378924822,
        "sigma": 7.593567526147876
    },
    "8": {
        "mu": 29.359376390658525,
        "name": "Brae Emit",
        "ordinal": 7.22262823647624,
        "sigma": 7.378916051394095
    },
    "9": {
        "mu": 27.938652823430402,
        "name": "Remote Soulbot",
        "ordinal": 3.765501947016432,
        "sigma": 8.057716958804656
    }
}