{
    "0": {
        "mu": 25,
        "name": "Nick Card",
        "ordinal": 0.0,
        "sigma": 8.333333333333334
    },
    "1": {
        "mu": 25,
        "name": "HAZEL",
        "ordinal": 0.0,
        "sigma": 8.333333333333334
    },
    "2": {
        "mu": 28.93353470978474,
        "name": "Rise Emit",
        "ordinal": 6.729486072456535,
        "sigma": 7.401349545776069
    },
    "3": {
        "mu": 22.36476861652635,
        "name": "Maggie",
        "ordinal": -1.8317503324442903,
        "sigma": 8.065506316323548
    },
    "4": {
        "mu": 23.148382921769308,
        "name": "Anton",
        "ordinal": 0.369765594907868,
        "sigma": 7.592872442287146
    },
    "5": {
        "mu": 32.07430366409087,
        "name": "Jovin",
        "ordinal": 9.272840438955914,
        "sigma": 7.600487741711652
    },
    "6": {
        "mu": 18.391243053108322,
        "name": "Hissnclinkanck",
        "ordinal": -4.400395724788748,
        "sigma": 7.59721292596569
    }
}